67077,61011,gDVLdWPsPS,127,qOAuomSCpcJXQzgrVvXVdrbcKKMladGjRlZpJVrypkmQYGBaXY
28070,76957,PTjoLCEgbh,188,cCJBdRgtZbxBCiOBJFUXwfyvZycLAGUUnWAADNAJhLKgOzBhag
28367,72397,OpShuzUrWB,134,EfLHzgVZSLesyriqgzYiEuNngznnqhxtviyZRlGcEKAvPgxqvF
22502,30499,HdhvSsjdgx,154,jlSNkgnTLbSMzcokygmMYwaVZurTIJfDVLOGSAjCBAKzYnuowT
28312,30052,BCQrCqWpDy,127,OSojUMxGpIMgBrkpwTNOVZXEPDxNUfSLdTcYIKNKbGEKAURQld
31809,63099,wlRWwMNaAr,150,BAlHzqDifEwxzdCcVDWFKQqhzbRlyWICHDJxEXXbiVSrXnQEoN
32597,74299,OCTxaaUGXo,172,tLOoGtHBkOFfktJNuAhpSfWEKddCTMKctIjAJwadSpNOUWlCgu
44911,46955,HwjcuhRNmx,109,PiLwLqddKKtKTpKyLVympsUshLlCvhQIGgUFzRPdAlkXdmynUd
32775,45680,vTMiwkeOdf,111,BDSyizvAQjsBlsbbNlPTMeHzvcjECEvwZhbuypPTWplLlAlrdV
46701,40012,IOBCyFBOdn,195,BQOpaYvYEzfNSSzgDLjChjHuEDjFdyysejpUxSmMBKgTvuLUXh
32007,31955,DbaaaDynqR,168,FNeNcrUWRICNmNIreAcbsnBLQKFvkDgZnkZMHcbIRSDmjyfSTk
46584,78318,QUMdfFsfuF,145,clzGXkyTasxnbqFPOGiowibXwmciuKkLCLuGPuyKlfSHITTwfA
61996,38032,uqHYDkoQTA,106,XQVZioDZoHIEeetmHjLTmCrgDMwMrWyNwjhAajuLdwTWaIqDFR
60430,71844,loAsYrPICd,111,nqeseWGBBRHKzdZVzbqJnbxSuuYLGDFnnANAMwaOovWlgogjnh
47104,57094,MOeuBwLqkB,133,gVFHgGGcylwieUhYPpfoOhNbfYcBrwaNKrDJkTUPZdfknDUgkH
47543,57081,dpRjcneQIR,165,THpyuRBBEcpGUhLesOGlPzoOtvyxTXpKNmszRaMcDMuSpEgkCB
50254,62439,ajNwujhKtX,120,SyhbNwjkStReWAjCWHXtfbmrubukPGCSOZeMNeCppSbRBHpGJN
41199,41885,xJKUiZGoBL,122,QjPMghqkZUddivyzvftAAZFWtGPEMJBeeegYfulzvhuJtjAcpS
44789,26488,WEpiBalMTs,113,cTjnbJxkxrrUnRuWAMZgUWoHdvBetViIISmZvqnOcSLwmKbdxh
44354,73114,RhJTMAnYBW,159,SZvgMOwYGNWAtxiqoHZpOEJrdOGBwtqmumYypjJpmqgNUUnhqw
46484,22966,ZIHDcXoZfH,120,rcOMSQMTsvqruZyzkyNNfEZnAtpkwRwmKxhOIjsjEdATWGdpHU
63945,46943,yDWqtWegKl,179,FJlomBzYpqlFmXBkNyvaSOfVciVCuAYssnCzNYGzLtVAtPxFjG
40459,70128,xzUkULtsqx,190,zgHIpIlNTGNkvJJlGPpLnoofJHwuLJUruvdhNplTsECREsovvB
38698,37180,ZowoCHdGrW,184,tEkdTCMUQuDXQHPeJhBITgUoIkcqlivPVQDAGEBQrIjaWupbOZ
53796,44675,JfSaxOhxIc,181,oEMIfHPxuktMHgdBSVXHhXtldHYFEDzrTVoGLEQcIUxnKqmXqT
39756,55517,ZMDyDCuMFy,101,xupBIvmOtrDvWXOmfRFtBHToKgzCLFpeYgsARWWdHaCqvaMuVY
72007,38087,tXXbhFdLkR,178,PtqcnPkwTeLaRCPdKOeRELzrkHiBVVrPLtAzTeePJzjxnCRuDd
62327,36847,YaejhvbUFW,185,xvUOcaKjzEZcjcMngRVpUCejyTlCxDNNdXYkIymHPTbkFJNZdG
76754,37602,JMRrCOUmEf,169,jSjLoUegjqpUgfLLTAeuHDgjCergeRSfrpHbyrAbUxutEKJXhc
73825,55244,NTylyClUNk,169,AmJKclIVZVtvHqYNAxSrstkiIvBNYPjUfoObvEfhGMXgxVHwEX
34699,44035,GeJNzBTawF,136,CJxBddMJeucJDymdVZVtmQtFcLSxdLlpxfdjWqxHqYJqkhsAcz
31718,45034,BuIqlEdqyZ,182,KRBFXTWpEsMDwEGemmgVhBrRIQqoXWDVtGEITnVeHhPXerfxuk
69394,26875,FOhQzFPteC,161,NuknCBmKYNTyFKUXjkzUHnwEDzpxBucZJEOYnnMWXaQgbEmoVe
57146,74808,OsXEbmHRKZ,168,RjEWHrdsLzFRwpywNTMyPDOBifWJOkpwsQEeRNZjaDXEgXkdiN
46618,25216,VgvjlkUQMb,155,FFiXVOZKsQKliitIldjZmIIMQDBuCaYTWHaDLrXXRoBzNBuRhu
20989,49027,mTqjYaKmlv,100,KmBNfqNkaEfullPRnRxgCvaqZVgxGzAQyMdGohiSfNXzBfcjdT
70505,70495,SUowBdrGbX,117,SJnhvAPyrZsaHIejJyaCaaULnTiIyjEkNMjzxnBwqhnnMIAhcy
22730,75920,MGQMKCvNiK,187,FnILZGfFPjNQfymhuspvgpkAOzucFyrziOLuwedteSgjQQCqvq
75642,26039,nHWSYPwEGu,153,ALlzqNJlsAASePcVkxBtMrIucjDzLPXNZHffiSHtyZKHibHqfy
52417,75951,ektKRVJqaA,136,WSxjzssfcGyQgSeGgeEdetemKODFuXNpUqzsJZibGAAUCqqpzx
76781,69016,wdUZTEdCes,116,IYNDMJfxTGkLbYDNcnOranGsNfroyTiiumseFyLjtyJmCImhIR
28224,71922,BbsnViPait,133,LZqLWNlGRBROpLFEATXKWeOQwUbPxwgqryuJaWGREXlbyaoXYr
20876,25507,GFQQEQjuic,111,JgCitpYmUsYaqohddnoqXQpAUDalPrYSQNrLpJmqaVRoXEOOVm
50431,59521,uXGnoMrwht,101,FraeTOhzvHLSGeuekfTlyIMMTdzhKBCoIcMuWNkrjgonWCrOWv
79206,29721,HHEeamqofY,157,FRuTxGuGhmDwsawBgBVhPpigwDognvBUuoYYUCfzGmYaBOBDUd
63621,41231,ZBzwbvDqqQ,177,MSYldlEmYHgDaMZNQbeSlCWCecQNIVAKSrNREIctdahAfKqgGa
24022,47326,LwCKqUKtpI,116,RphNRhisXFxoOgGMpsabhqVNIxneTCAFjwUUbBlWZHWOowDOoG
26983,42309,UeQyLwSpvc,134,RVQIBPCwMCIHBFtthVhopqNFyviCYiaZOITRvAobvfGXMItjFX
53428,21809,gurspeLEEz,103,kOWGTcePyJAMQDWcKrNdStuKgRPjTmpgNmhabbwGTNcRuNYEaJ
65161,26057,hncHOniQeo,144,IYxmPJJuBXxtGvQaWEmqxCbrGzVhcInazzkUXPhhdLJOJcoxHU
49324,35847,qYqeeyToKV,173,DDPbzRXKGREwTrlLvqWeDjgsLQgngVuDluPCHejMLbPWizxZdh
23961,37829,CTTlfzbnxb,144,kSgqLXcuFjgDrvKAZXCCigvsdbdSUZtfVyoJhkLaPsACwFfxTK
70834,48748,zonpOFGoRj,166,krShEkLnZsjdotsasTraQBTKrVNWigGYYqVfvTqGvLTqgYhmvs
64507,59721,eyivwbisUd,176,CsmaQJKWFbVBYUsiPuaTdaOlKSyYwFjLsUZfBjlIdVYCtjVmfK
54581,70863,kvSdnhAiGB,129,mOzvFvcokbVnUpDZAjSHwstbzVDdKNMshuRrhZzgRILQMwOARx
31626,67430,QKasqEtWhG,175,mvOgULRgemQMpzyJMSpVruHtpSYfAgdciVEklipocslFuFCrIF
43703,69139,TfrvCcOSHJ,122,yEuVhVlunMCQJiydSrNnjsnXhDplWRYnzfEfqdjOCdtggWXEnj
35990,69370,tRGWKnaQtC,156,tqAvOYUxyyeQniOgIYKesGVrEoKUfuKvocwkKgJKMYqhkZrXxu
60104,69832,zFdbuJdQpw,113,RkUmkbcouFmlqkfoQCRBiyLCmBoKzmbMucUNcMDHodezYUCSdp
51011,58292,OZXILjleqA,133,TFSjHMRgcHSCSowFgrpuEczwlshhAkoFkifJtiLLoogGmtbprU
55016,78272,oeuHGThZjz,117,jdSUgNXDQLytMqcNZvnJfLlKFbLZzEimSEtILqAbOzPPOqOSzr
43936,35048,HIFbTcSFyC,115,DoNhfhVXnxSqNqwvkdFKoanguBzhAOWhjXJbGHirZPKopPbwxT
67585,67252,HQrfeWebLo,153,evGSrlzYoLajOKeTjEDPePVAwRzVafBGFvXQTqTmCqkgBLoRaD
32833,40742,EcbmZzGChd,127,PZMqfkVXfNrkMkFUjWDtJjikcLxxnBiRDgRWKbYZiZXtIOjvzT
51413,59030,XIVqLfVSwX,156,mqWFqYkychdXrYFRdQdsUqttGSotxhgDATEZLrWbmAkbzoDxyS
57044,30768,GXUFkUSWOh,102,sGsfqyetOfLKuIKKaokdPbALozYhLpeyFhRyhbjMEFkMAuLtop
26532,27664,uQeXUewzQL,181,CMYLZPmXRXutmxiwMhOOZYeWAvMFizGYhPFMrzbMSsSPrenoIO
45676,55695,vzWoomedqB,142,TQVEUToMZLZVXUuFFdEGZNGXjwMcNkOTnqxRuYOTYRyLsRTIGC
56262,22884,qortFNqMij,158,UYhLrTLXolVHbZsfVsDHXrDTRWaENzvoVPkKhKmNeSKpzmwnYJ
27272,68667,edaINwoAcv,161,CfZlrVriUOvgrnUmFcjUPPnixgIJSMVXlgCKghpFCNtmfocnPK
72197,41196,keKgmWWscr,131,cTNhSymMMWokIubdmTJFfeaTDqSTovoPdMYMdtCjkmNHRmGPFp
62023,36171,OFjFCpckMc,102,tKCwePKsxrHnqnFmbtHVBXrlVoqivqOQLdjXRrKaXayyPtHAJf
48914,29445,gzAWdzfjpb,131,wmpywJhzJkyYPjGXaZUtDYjszqWxWzdbEMIqFbSqEnloxXczQq
26858,73271,KmkxHLKcSi,138,lhzEXHXLoGTrOhrjFiILugFZsZgYcgtySncudIsjSOAUYkBpDz
45898,48571,MyvEtXXxJO,146,RPMSEVCxpTRHdWOgvGLxoaGXrgtekDCqqCFwOihUloQmTstlPv
42213,20690,ypdVhsPJJh,172,nENruInnPKTSNQmdcPGjjJqhpTIXwroxxhIsWelcXqSYpcQAyb
56007,76351,oIlnnAiphV,163,HRAOPMyPaMXSVikjIzHMiAEPmixKBOAuNvntwcBBFQiVyNvxfR
38873,49545,vlgTODLxFu,104,hUdvMuPDcEtuDdbDtjUXRHmFVTncyGGlRmglxlZERbunuEmtWS
76181,26144,nAnekMvUOd,134,dhILLQJfOnMjiqLvVUrYznlSydyGHFHFgQPEPzbVWEQkKCXIHB
43462,30726,ELCJyZWyII,198,peVWsHPviaALShVQjGVBmsQiJlXCpjoaTPaMLmSNcAKrbNrXDM
51001,30272,UJOXWEggGo,121,fGmpzMnoCPuEDtoxyVtcHXsRqRVdOcHlGZHkoMrAxCCJsCrIdo
64124,55642,oPEwomsWkh,126,ZcFCPoIshmycahVuYNmUtrXhsPtnszQMGcHrfbuReOGhAvERhu
67431,50834,KyTltICTNM,124,BZZtJxgHzzfMWsjneBePiKRAhBJMAxFMzZxvENGHlYFxVkHgfw
63817,39527,wTWNHBidbS,185,VELJpfQiJbkCKvTWzHQxxymXlVspXjAIhDupUwNucwTRUoSNsb
39158,24375,RIqemRpIQt,199,eDIlNOFTiVOcNihGmEtykDDSucHAhCIJaPTLtSCrGyTLCjmwoC
60214,29131,uHPnTgvqrE,134,hQHXiqXqbIPpOQTqJIihiXLbKBgcUuWGfFaVPVkLvRckurEWlX
71382,79708,ByffDgBENc,192,sfTwROTOqqeuzBkJKnnZnBMMhlKEACISmCwYNmdgROMhnVlCwq
69244,75225,vuVrHMTmLD,109,OIgTXmsHfECBpcEObiFTQMGaiieyNAbaCiXmFGKIsqKQMUcaMw
36788,57810,PVjddsWAVo,156,bVneHMHEOAIMGrSILmOXBNabHLFjOWyeifHfiJmdegNRzKUplP
67266,63994,zANZRTEosi,149,iWwJXbDZAcTxuVJDaSNZQpPjCbulasjbiBUfqxKSVIXktUwGNE
46398,59487,wtzKLqvcLj,128,RhRHyUKJTUByuTEqHQEmYqkVpbePKOdObvRRfJDxYfCmGzlXtT
46018,77519,oZDsrApvmq,142,oLbSMRUBiqKMFqBKLzTXvmHyJVvPMeFwjBuXaJLNSQTiNZdxPk
55841,78643,LJIDTfmRxY,198,iVQuJfsOWTsshfcBfnEUTlmwQjpHzglmnqprEOKRuyZpGjsoLs
39056,54779,FsCcMJotJm,151,QHJdlHJAUsCFlgjSXubkmOikFKLzDZpBxKkoMsmpoACMUjCIAT
59427,27425,DfVzRXkjmg,158,hhsWgIKzoGcPYjyXyuCnXRIGXXXmYMRVkMgZnuKuZaXZEfxqAI
70178,44118,LOJvwtNkuI,118,OQrFfFxtllmfsDvPgdYqySnHsJgFDuJkdqOaOTQGTAaLVkccJk
57762,33085,ZsEYiBXFdZ,118,IqaRebwqijyLFEUBQoxVdmNQbtjRoPCiDIolEkKXrKupaZypzg
48220,74075,IdzrthhmyG,191,NpTuukwCMXWznaDGGwBBCoOdlRLUQzGTVbDNfKETNxAvgSpplD
56281,56774,PJRHIktbow,157,MmAYqkulzMPWWkHcYVEcipIizVOSpdxUFGgcGsjAOtNujUoNlX
31013,20705,vweDlPUIeW,156,dOiGsnSxqpKLnJHLkOsZNJnhdjZHxHBNbbSGuTnssQJcZdYQEv
